RowNumber,CustomerId,Surname,CreditScore,Geography,Gender,Age,Tenure,Balance,NumOfProducts,HasCrCard,IsActiveMember,EstimatedSalary,Exited
8,15656148,Obinna,376,Germany,Female,29,4,115046.74,4,1,0,119346.88,1
17,15737452,Romeo,653,Germany,Male,58,1,132602.88,1,1,0,5097.67,1
47,15602280,Martin,829,Germany,Female,27,9,112045.67,1,1,1,119708.21,1
48,15771573,Okagbue,637,Germany,Female,39,9,137843.8,1,1,1,117622.8,1
54,15702298,Parkhill,655,Germany,Male,41,8,125561.97,1,0,0,164040.94,1
55,15569590,Yoo,601,Germany,Male,42,1,98495.72,1,1,0,40014.76,1
71,15703793,Konovalova,738,Germany,Male,58,2,133745.44,4,1,0,28373.86,1
110,15744689,T'ang,479,Germany,Male,35,9,92833.89,1,1,0,99449.86,1
115,15609618,Fanucci,721,Germany,Male,28,9,154475.54,2,0,1,101300.94,1
119,15661670,Chidozie,524,Germany,Female,31,8,107818.63,1,1,0,199725.39,1
128,15782688,Piccio,625,Germany,Male,56,0,148507.24,1,1,0,46824.08,1
167,15724623,Taubman,704,Germany,Female,24,7,113034.22,1,1,0,162503.48,1
173,15651022,Yost,480,Germany,Male,44,10,129608.57,1,1,0,5472.7,1
180,15625426,Ashbolt,754,Germany,Female,55,3,161608.81,1,1,0,8080.85,1
216,15723488,Watson,668,Germany,Male,47,7,106854.21,1,0,1,157959.02,1
225,15568748,Poole,671,Germany,Male,45,6,99564.22,1,1,1,108872.45,1
228,15676895,Cattaneo,547,Germany,Female,39,6,74596.15,3,1,1,85746.52,1
229,15637753,O'Sullivan,751,Germany,Male,50,2,96888.39,1,1,0,77206.25,1
236,15772896,Dumetochukwu,763,Germany,Male,42,6,100160.75,1,1,0,33462.94,1
238,15764866,Synnot,539,Germany,Female,43,3,116220.5,3,1,0,55803.96,1
244,15596175,McIntosh,659,Germany,Male,67,6,117411.6,1,1,1,45071.09,1
250,15772423,Liao,739,Germany,Male,54,8,126418.14,1,1,0,134420.75,1
272,15619955,Bevington,733,Germany,Male,34,3,100337.96,3,1,0,48559.19,1
283,15643024,Huang,479,Germany,Male,35,4,138718.92,1,1,1,47251.79,1
334,15728669,Knowles,584,Germany,Female,30,8,112013.81,1,1,0,177772.03,1
340,15807923,Young,716,Germany,Female,39,10,115301.31,1,1,0,43527.4,1
341,15745844,Kerr,642,Germany,Female,40,6,129502.49,2,0,1,86099.23,1
362,15696674,Robinson,643,Germany,Female,45,2,150842.93,1,0,1,2319.96,1
377,15583456,Gardiner,745,Germany,Male,45,10,117231.63,3,1,1,122381.02,1
414,15801559,Chiang,693,Germany,Female,41,9,181461.48,3,1,1,187929.43,1
417,15720559,Heath,487,Germany,Female,61,5,110368.03,1,0,0,11384.45,1
421,15810418,T'ang,756,Germany,Female,60,3,115924.89,1,1,0,93524.19,1
423,15674551,Fitch,535,Germany,Male,40,7,111756.5,1,1,0,8128.32,1
430,15806467,Boyle,568,Germany,Male,40,1,99282.63,1,0,0,134600.94,1
431,15597602,Nwachinemelu,619,Germany,Male,57,3,137946.39,1,1,1,72467.99,1
434,15595039,Manna,545,Germany,Female,37,8,114754.08,1,1,0,136050.44,1
459,15707362,Yin,514,Germany,Male,43,1,95556.31,1,0,1,199273.98,1
468,15593782,Brookes,816,Germany,Female,38,5,130878.75,3,1,0,71905.77,1
476,15591986,Johnston,621,Germany,Male,46,6,141078.37,1,0,0,34580.8,1
529,15653849,Lu,572,Germany,Female,48,3,152827.99,1,1,0,38411.79,1
539,15794142,Ferreira,564,Germany,Female,62,5,114931.35,3,0,1,18260.98,1
540,15762729,Ukaegbunam,745,Germany,Female,28,1,111071.36,1,1,0,73275.96,1
552,15657284,Day,674,Germany,Male,47,6,106901.94,1,1,1,2079.2,1
558,15634844,Miller,598,Germany,Male,41,3,91536.93,1,1,0,191468.78,1
585,15803689,Begum,647,Germany,Female,51,1,119741.77,2,0,0,54954.51,1
591,15788291,Okwuadigbo,713,Germany,Female,38,7,144606.22,1,1,1,56594.36,1
599,15637476,Alexandrova,683,Germany,Female,57,5,162448.69,1,0,0,9221.78,1
618,15766575,Larionova,612,Germany,Female,62,8,140745.33,1,1,0,193437.89,1
632,15811762,Pickering,583,Germany,Female,54,6,115988.86,1,1,0,57553.98,1
644,15640078,Chambers,660,Germany,Female,39,5,135134.99,1,1,0,173683.0,1
654,15664610,Campbell,459,Germany,Male,48,4,133994.52,1,1,1,19287.06,1
678,15715142,Repina,739,Germany,Male,45,7,102703.62,1,0,1,147802.94,1
688,15579334,Watkins,769,Germany,Female,45,5,126674.81,1,1,0,124118.71,1
698,15620204,Walker,543,Germany,Female,57,1,106138.33,2,1,1,120657.32,1
706,15580148,Welch,750,Germany,Male,40,5,168286.81,3,1,0,20451.99,1
734,15744607,Martin,738,Germany,Male,43,9,121152.05,2,1,0,64166.7,1
735,15612966,Milani,545,Germany,Female,60,7,128981.07,1,0,1,176924.21,1
763,15637876,Burns,663,Germany,Female,36,6,77253.5,1,0,0,35817.97,1
765,15672056,Kenenna,710,Germany,Male,43,2,140080.32,3,1,1,157908.19,1
768,15677921,Bobrov,720,Germany,Male,60,9,115920.62,2,0,0,157552.08,1
771,15584091,Pitts,742,Germany,Female,36,2,129748.54,2,0,0,47271.61,1
775,15789158,Nikitina,636,Germany,Male,49,6,113599.74,2,1,0,158887.09,1
777,15712551,Shen,622,Germany,Female,58,7,116922.25,1,1,0,120415.61,1
785,15571221,Bergamaschi,747,Germany,Male,58,7,116313.57,1,1,1,190696.35,1
814,15775306,Ni,421,Germany,Male,28,8,122384.22,3,1,1,89017.38,1
818,15806438,Chiabuotu,580,Germany,Female,42,2,123331.36,1,0,0,103516.08,1
841,15707567,Esposito,732,Germany,Male,50,6,145338.76,1,0,0,91936.1,1
852,15794048,Wan,667,Germany,Female,48,1,97133.92,2,0,0,113316.77,1
857,15693864,Iheanacho,567,Germany,Female,49,5,134956.02,1,1,0,93953.84,1
869,15646810,Quinn,603,Germany,Male,44,6,108122.39,2,1,0,108488.33,1
872,15692750,McGregor,629,Germany,Female,45,7,129818.39,3,1,0,9217.55,1
895,15669987,Sung,728,Germany,Female,35,8,125884.95,2,1,0,54359.02,1
901,15642041,Burns,727,Germany,Male,40,1,93051.64,2,1,0,71865.31,1
965,15580956,McNess,683,Germany,Female,43,4,115888.04,1,1,1,117349.19,1
984,15807008,McGregor,614,Germany,Female,35,6,128100.28,1,0,0,69454.24,1
1006,15701602,Ayers,521,Germany,Male,52,5,116497.31,3,0,0,53793.1,1
1019,15602010,Zikoranaudodimma,850,Germany,Female,45,5,103909.86,1,1,0,60083.11,1
1050,15705860,McKenzie,631,Germany,Male,40,3,107949.45,1,1,0,52449.62,1
1063,15631189,Riggs,613,Germany,Male,38,9,67111.65,1,1,0,78566.64,1
1071,15648075,Hebert,686,Germany,Female,47,5,170935.94,1,1,0,173179.79,1
1097,15813168,Maslova,756,Germany,Female,39,3,100717.85,3,1,1,73406.04,1
1108,15660316,Stephenson,420,Germany,Female,34,1,135549.9,1,0,0,149471.13,1
1112,15798424,Glover,833,Germany,Male,59,1,130854.59,1,1,1,30722.52,1
1114,15648800,Paterson,731,Germany,Female,21,8,132312.06,1,1,0,106663.46,1
1123,15789955,Hu,698,Germany,Male,56,1,112414.81,2,0,0,93982.02,1
1124,15596800,Hill,779,Germany,Male,33,1,158456.76,1,1,1,197000.92,1
1145,15694821,Hardy,765,Germany,Male,43,4,148962.76,1,0,1,173878.87,1
1154,15669899,Fitts,755,Germany,Female,45,7,135643.0,1,0,0,143619.52,1
1159,15690007,Ts'ui,434,Germany,Female,58,9,125801.03,2,1,0,60891.8,1
1172,15640454,Parkhill,693,Germany,Male,40,0,120711.73,1,0,0,27345.18,1
1202,15651052,McMasters,399,Germany,Male,46,2,127655.22,1,1,0,139994.68,1
1220,15812272,Ugonna,693,Germany,Male,44,5,124601.58,2,1,1,46998.13,1
1233,15607537,Crawford,587,Germany,Male,46,9,107850.82,1,1,0,139431.0,1
1252,15814930,McGregor,588,Germany,Female,40,10,125534.51,1,1,0,121504.18,1
1261,15743532,Ball,704,Germany,Male,27,5,147004.34,1,1,0,64381.33,1
1277,15690182,Kapustin,635,Germany,Male,37,5,113488.68,1,1,0,95611.74,1
1290,15688880,Amechi,672,Germany,Male,40,10,102980.44,1,1,0,1285.81,1
1304,15683930,Ch'iu,593,Germany,Female,32,9,134096.53,2,1,0,53931.05,1
1306,15800434,Burgess,811,Germany,Male,52,10,76915.4,1,0,0,146359.81,1
1329,15574331,Alexeeva,593,Germany,Female,62,3,118233.81,1,0,1,24765.53,1
1345,15691104,Kennedy,460,Germany,Female,40,6,119507.58,2,1,0,91560.63,1
1353,15596552,Stephens,535,Germany,Male,48,5,134542.73,1,1,1,58203.67,1
1368,15627232,Jibunoh,608,Germany,Male,44,7,114203.47,1,1,1,77830.36,1
1370,15722902,Chizuoke,652,Germany,Male,50,8,125437.64,1,1,1,17160.94,1
1374,15771942,Tikhonov,528,Germany,Female,46,9,135555.66,1,1,0,133146.03,1
1392,15787835,Simpson,775,Germany,Female,38,4,125212.65,2,1,1,15795.88,1
1398,15754796,Byrne,487,Germany,Female,46,4,135070.58,2,1,1,44244.49,1
1428,15799966,Chigolum,792,Germany,Female,59,9,101609.77,1,0,0,161479.19,1
1439,15574068,Norman,504,Germany,Male,56,9,104217.3,1,0,0,55857.48,1
1441,15796334,Chukwualuka,558,Germany,Male,39,10,144757.02,1,1,0,22878.16,1
1449,15585367,Diribe,555,Germany,Female,46,4,120392.99,1,1,0,177719.88,1
1463,15566211,Hsu,616,Germany,Female,41,1,103560.57,1,1,0,236.45,1
1470,15670374,Wright,819,Germany,Female,49,1,120656.86,4,0,0,166164.3,1
1492,15634891,Jamison,504,Germany,Female,43,7,102365.49,1,1,0,194690.77,1
1506,15798975,Doherty,606,Germany,Male,48,4,132403.56,1,0,0,36091.91,1
1521,15786800,Gould,723,Germany,Male,52,5,131694.97,1,0,1,92873.5,1
1535,15782736,Jose,573,Germany,Female,47,4,152522.47,1,0,1,164038.07,1
1558,15706815,Samoylova,515,Germany,Male,37,2,90432.92,1,1,1,188366.04,1
1563,15600991,Artemieva,694,Germany,Male,31,6,109052.59,2,1,1,19448.93,1
1570,15670823,Hsueh,651,Germany,Female,42,1,116646.76,1,1,0,44731.8,1
1599,15647842,Cunningham,601,Germany,Female,48,8,120782.7,1,1,0,63940.68,1
1612,15781553,Chung,760,Germany,Female,49,9,91502.99,1,1,0,117232.9,1
1630,15595303,Johnston,736,Germany,Male,46,5,130812.91,1,1,1,77981.54,1
1631,15634950,Obiajulu,657,Germany,Male,57,8,107174.58,1,1,1,126369.55,1
1647,15651533,Brown,570,Germany,Female,50,5,129293.74,1,1,0,177805.44,1
1658,15752342,Bradley,704,Germany,Female,54,6,133656.91,3,1,0,145071.33,1
1664,15663441,Golibe,700,Germany,Female,40,4,148571.07,1,1,0,189826.96,1
1675,15675896,Gough,680,Germany,Female,42,7,105722.69,1,1,1,90558.24,1
1686,15713826,Ferguson,613,Germany,Female,20,0,117356.19,1,0,0,113557.7,1
1743,15578603,Alexeieva,584,Germany,Female,54,1,77354.37,1,0,0,138192.98,1
1749,15568963,Naquin,674,Germany,Male,34,2,152797.9,1,1,0,175709.4,1
1758,15704763,Kozlova,523,Germany,Female,39,1,143903.11,1,1,1,118711.75,1
1798,15764170,Pinto,647,Germany,Male,44,4,93960.35,1,1,0,36579.53,1
1824,15711219,Jennings,788,Germany,Female,57,8,93716.72,1,1,1,180150.49,1
1826,15678727,Tan,770,Germany,Male,45,4,110765.68,1,1,0,26163.74,1
1830,15605275,Ofodile,725,Germany,Male,45,8,116917.07,1,0,0,173464.43,1
1834,15804394,Brenan,663,Germany,Male,32,8,130627.66,1,1,0,47161.25,1
1839,15758813,Campbell,350,Germany,Male,39,0,109733.2,2,0,0,123602.11,1
1855,15711455,Kuo,740,Germany,Female,36,4,109044.6,1,0,0,94554.74,1
1877,15664754,Steele,640,Germany,Male,39,9,131607.28,4,0,1,6981.43,1
1899,15629078,Matthias,850,Germany,Female,45,5,127258.79,1,1,1,192744.23,1
1913,15576644,Lin,687,Germany,Female,29,4,78939.15,1,1,0,122134.56,1
1917,15812198,Chen,543,Germany,Male,48,1,100900.5,1,0,0,33310.72,1
1918,15699772,Barclay,428,Germany,Female,40,3,129248.11,2,1,0,72876.43,1
1929,15716609,L?,484,Germany,Male,54,3,134388.11,1,0,0,49954.79,1
1941,15659651,Ross,531,Germany,Female,31,7,117052.82,1,1,0,118508.09,1
1956,15779176,Dike,565,Germany,Female,58,3,108888.24,3,0,1,135875.51,1
1994,15787189,Tai,824,Germany,Male,60,8,134250.17,3,0,0,153046.16,1
2006,15725835,West,785,Germany,Female,32,3,124493.03,2,0,1,52583.79,1
2008,15727384,Chukwuemeka,705,Germany,Female,43,10,146547.78,1,0,1,10072.55,1
2010,15732917,Li,729,Germany,Male,46,5,117837.43,1,1,0,104016.61,1
2033,15658716,Banks,667,Germany,Female,37,5,92171.35,3,1,0,178106.34,1
2064,15571305,Stephenson,588,Germany,Female,35,1,103060.63,1,1,0,179866.01,1
2075,15805303,Olisanugo,661,Germany,Male,44,1,141136.62,1,1,0,189742.78,1
2107,15659931,Ibezimako,637,Germany,Female,55,1,123378.2,1,1,0,81431.99,1
2111,15795990,Lumholtz,722,Germany,Female,48,10,138311.76,1,1,1,3472.63,1
2116,15718893,Pirozzi,404,Germany,Female,54,4,125456.07,1,1,0,83715.66,1
2121,15651554,Anenechukwu,618,Germany,Female,54,4,118449.21,1,1,1,133573.29,1
2136,15704284,Ekechukwu,736,Germany,Male,57,9,95295.39,1,1,0,28434.44,1
2155,15721426,Milne,606,Germany,Male,65,10,126306.64,3,0,0,7861.68,1
2169,15805260,Wood,705,Germany,Female,56,2,143249.67,1,1,0,88428.41,1
2182,15738605,Fischer,634,Germany,Female,46,5,123642.36,1,1,1,49725.16,1
2187,15762169,Bergman,556,Germany,Male,37,9,145018.64,2,1,0,90928.02,1
2191,15609998,Okwudilichukwu,700,Germany,Female,59,5,137648.41,1,1,0,142977.05,1
2197,15791700,Ugochukwutubelum,773,Germany,Male,47,2,118079.47,4,1,1,143007.49,1
2214,15803749,DeRose,498,Germany,Female,41,4,87541.06,2,1,1,12577.21,1
2222,15736069,Hsing,767,Germany,Female,35,6,132253.22,1,1,0,115566.57,1
2237,15712849,Tung,632,Germany,Male,41,3,126550.7,1,0,0,177644.52,1
2242,15633112,Madukaego,681,Germany,Male,42,3,118199.97,2,1,0,9452.88,1
2267,15629323,Kelechi,617,Germany,Female,37,4,116471.43,2,1,0,175324.74,1
2273,15570835,Fallaci,491,Germany,Female,57,4,112044.72,1,1,1,41229.73,1
2286,15783615,Ramos,630,Germany,Male,50,3,129370.91,4,1,1,47775.34,1
2297,15582714,Napolitani,749,Germany,Male,47,9,110022.74,1,0,1,135655.29,1
2310,15621210,Angelo,599,Germany,Male,46,9,123444.72,1,1,1,31368.08,1
2317,15624388,Henderson,649,Germany,Female,50,5,155393.32,1,1,1,87351.42,1
2336,15581440,Christie,724,Germany,Female,48,6,110463.25,2,1,1,80552.11,1
2341,15595728,Thomas,523,Germany,Male,41,0,119276.31,1,0,0,122284.38,1
2345,15642345,Y?,714,Germany,Female,49,4,93059.34,1,1,0,7571.51,1
2347,15706163,Enyinnaya,518,Germany,Male,46,4,113625.93,1,0,0,92727.42,1
2348,15746708,Ritchie,589,Germany,Male,55,7,119961.48,1,1,0,65156.83,1
2350,15787907,Wang,719,Germany,Female,42,5,137227.04,3,1,0,149097.38,1
2351,15646764,Lorenzo,617,Germany,Female,58,3,119024.75,2,1,0,35199.24,1
2363,15791053,Lucciano,709,Germany,Male,45,4,122917.71,1,1,1,11.58,1
2368,15682600,Lo,620,Germany,Male,39,9,159492.79,1,1,0,80582.34,1
2373,15578297,Ebelegbulam,737,Germany,Female,43,1,125537.38,1,1,0,138510.01,1
2389,15778395,McIntyre,762,Germany,Male,34,4,88815.56,2,1,0,68562.26,1
2394,15657342,Dawson,850,Germany,Male,28,4,147972.19,1,1,0,60708.72,1
2405,15809286,Burke,631,Germany,Male,37,8,138292.64,2,0,0,152422.91,1
2408,15579130,Chidiegwu,708,Germany,Female,43,0,118994.84,1,1,0,181499.77,1
2428,15661821,Johnstone,798,Germany,Female,49,5,132571.67,1,1,1,31686.33,1
2431,15689351,Johnson,742,Germany,Female,41,4,92805.72,1,0,1,73743.95,1
2433,15769064,Marshall,537,Germany,Male,39,3,135309.36,1,1,0,31728.86,1
2439,15792525,Lei,628,Germany,Female,61,1,97361.66,1,1,1,149922.38,1
2450,15567980,Frater,537,Germany,Female,46,5,100727.5,1,0,1,140857.76,1
2455,15636089,Hs?,678,Germany,Female,51,1,145751.03,1,0,0,109718.44,1
2461,15726403,Glenny,660,Germany,Male,41,1,129901.21,1,1,0,26025.6,1
2470,15630617,Lo Duca,727,Germany,Male,36,6,140418.81,1,1,1,113033.73,1
2474,15679249,Chou,351,Germany,Female,57,4,163146.46,1,1,0,169621.69,1
2493,15778155,T'ien,520,Germany,Female,31,3,108914.17,1,1,1,183572.39,1
2496,15666548,Chung,466,Germany,Female,56,2,111920.13,3,1,0,197634.11,1
2521,15751561,Meng,498,Germany,Male,61,7,102453.26,1,1,0,187247.56,1
2536,15578809,Hao,651,Germany,Male,40,1,134760.21,2,0,0,174434.06,1
2540,15569571,Davydova,584,Germany,Female,46,6,87361.02,2,1,0,120376.87,1
2541,15769703,West,550,Germany,Female,45,8,111257.59,1,0,0,97623.42,1
2543,15791102,Mai,549,Germany,Male,41,9,95020.8,3,1,1,131710.59,1
2569,15775905,Moore,612,Germany,Female,47,6,130024.87,1,1,1,45750.21,1
2575,15688691,Lei,665,Germany,Female,51,9,110610.41,2,0,1,1112.76,1
2576,15592736,Lucchese,551,Germany,Male,54,5,102994.04,1,1,0,176680.16,1
2580,15597896,Ozoemena,365,Germany,Male,30,0,127760.07,1,1,0,81537.85,1
2581,15731790,Boyle,697,Germany,Female,38,6,132591.36,1,1,1,7387.8,1
2595,15787318,Holmwood,537,Germany,Female,47,6,103163.35,1,1,0,16259.64,1
2615,15640846,Chibueze,546,Germany,Female,58,3,106458.31,4,1,0,128881.87,1
2618,15602735,Kuo,692,Germany,Male,45,6,152296.83,4,0,1,108040.86,1
2629,15775891,Myers,634,Germany,Male,48,2,107247.69,1,1,1,103712.05,1
2640,15581036,Beyer,712,Germany,Female,40,3,109308.79,2,1,0,120158.72,1
2659,15815490,Cocci,670,Germany,Male,40,2,164948.98,3,0,0,177028.0,1
2666,15635660,Rossi,612,Germany,Male,30,9,142910.15,1,1,0,105890.55,1
2677,15641994,Meng,667,Germany,Male,43,1,103018.45,1,1,0,32462.39,1
2696,15639946,Sazonova,597,Germany,Female,39,8,162532.14,3,1,0,36051.46,1
2704,15627352,Bulgakov,459,Germany,Male,46,7,110356.42,1,1,0,4969.13,1
2720,15809178,Pan,569,Germany,Female,42,9,146100.75,1,1,0,32574.01,1
2722,15576824,Kennedy,564,Germany,Female,44,3,111760.4,3,1,1,104722.47,1
2733,15592816,Udokamma,623,Germany,Female,48,1,108076.33,1,1,0,118855.26,1
2749,15753332,Loftus,401,Germany,Male,48,8,128140.17,1,1,0,175753.55,1
2770,15730433,Nakayama,580,Germany,Female,38,1,128218.47,1,1,0,125953.83,1
2778,15776233,Kruglova,758,Germany,Female,61,8,125397.21,1,1,0,182184.09,1
2782,15641416,Shaffer,732,Germany,Female,61,9,94867.18,2,1,1,157527.6,1
2787,15585100,Rioux,511,Germany,Female,40,9,124401.6,1,1,0,198814.24,1
2846,15812513,Nnaife,599,Germany,Male,45,10,103583.05,1,1,0,132127.69,1
2857,15813067,Williams,432,Germany,Female,45,3,110219.14,1,1,0,43046.7,1
2880,15669411,Muse,750,Germany,Female,52,6,107467.56,1,1,0,126233.18,1
2881,15789425,Marsden,694,Germany,Female,37,8,98218.04,2,1,0,182354.46,1
2913,15628972,Nebeolisa,699,Germany,Male,32,1,123906.22,3,1,1,127443.82,1
2916,15617482,Milanesi,489,Germany,Female,52,1,131441.51,1,1,0,37240.11,1
2919,15649487,Sal,578,Germany,Female,38,4,113150.44,2,1,0,176712.59,1
2929,15581198,Jenkins,668,Germany,Female,39,0,122104.79,1,1,0,112946.67,1
2946,15776348,Rogers,835,Germany,Male,20,4,124365.42,1,0,0,180197.74,1
2952,15671655,Thorpe,763,Germany,Male,31,7,143966.3,2,1,1,140262.96,1
2968,15595324,Daniels,579,Germany,Female,39,5,117833.3,3,0,0,5831.0,1
2988,15682268,Steere,676,Germany,Female,26,1,108348.66,1,0,0,60231.74,1
3036,15687491,Nkemdilim,817,Germany,Male,45,9,101207.75,1,0,0,88211.12,1
3047,15779862,Lyons,658,Germany,Female,31,3,133003.03,1,0,1,146339.27,1
3075,15609653,Ifeatu,614,Germany,Female,44,6,118715.86,1,1,0,133591.11,1
3097,15745083,Lei,613,Germany,Male,59,8,91415.76,1,0,0,27965.0,1
3110,15735878,Law,850,Germany,Female,47,10,134381.52,1,0,0,26812.89,1
3111,15707596,Chung,546,Germany,Female,74,8,114888.74,2,1,1,66732.63,1
3120,15663161,Chiu,680,Germany,Female,51,5,143139.87,1,0,0,47795.43,1
3128,15721007,Charlton,776,Germany,Male,33,8,115130.34,1,0,0,129525.5,1
3142,15769596,Yen,710,Germany,Female,24,2,110407.44,2,0,0,15832.43,1
3146,15775590,Mackay,482,Germany,Female,48,2,69329.47,1,0,0,102640.52,1
3157,15569641,Sung,692,Germany,Female,41,8,130701.29,1,1,0,59354.24,1
3164,15801336,Ch'ang,649,Germany,Female,37,8,114737.26,1,1,1,106655.88,1
3167,15746203,Hsia,555,Germany,Male,62,4,119817.33,1,0,1,43507.1,1
3171,15791373,Chikezie,850,Germany,Female,35,2,80931.75,1,0,0,12639.67,1
3185,15631070,Gerasimova,667,Germany,Male,55,9,154393.43,1,1,1,137674.96,1
3186,15761950,Woronoff,652,Germany,Female,45,9,110827.49,1,1,1,153383.54,1
3205,15603942,Hawthorn,547,Germany,Male,50,3,81290.02,3,0,1,177747.03,1
3207,15596761,Hawdon,515,Germany,Male,60,9,113715.36,1,1,0,18424.24,1
3225,15713463,Tate,645,Germany,Female,41,2,138881.04,1,1,0,129936.53,1
3246,15768151,Romano,514,Germany,Female,45,3,109032.23,1,0,1,155407.21,1
3252,15750335,Paterson,850,Germany,Male,43,0,108508.82,3,1,0,184044.8,1
3255,15778368,Allan,552,Germany,Male,50,4,121175.56,1,1,0,117505.07,1
3263,15654456,Napolitano,511,Germany,Male,48,6,149726.08,1,0,0,88307.87,1
3286,15627220,Kang,735,Germany,Female,43,9,98807.45,1,0,0,184570.04,1
3295,15706071,Hunt,528,Germany,Male,39,0,127631.62,1,0,1,22197.8,1
3301,15801904,Heard,677,Germany,Male,28,0,143988.0,2,1,0,8755.69,1
3327,15799626,Donaghy,637,Germany,Male,50,4,126345.55,1,0,1,17323.0,1
3350,15603465,Dunn,665,Germany,Female,45,5,155447.65,2,1,0,51871.95,1
3359,15750638,Obiajulu,705,Germany,Female,33,5,116765.7,1,0,0,190659.17,1
3368,15648881,Tsai,581,Germany,Male,40,0,101016.53,1,0,1,7926.35,1
3372,15625175,Palerma,742,Germany,Female,43,6,97067.69,1,0,1,60920.03,1
3377,15721582,Hale,644,Germany,Female,40,4,77270.08,2,1,1,115800.1,1
3378,15628219,Benson,665,Germany,Female,37,3,111911.63,1,1,1,110359.68,1
3410,15593736,Cook,598,Germany,Female,46,7,131769.04,1,0,0,184980.23,1
3430,15674678,Bradley,731,Germany,Female,43,9,79120.27,1,0,0,548.52,1
3448,15612092,Palmer,646,Germany,Male,32,8,105397.8,1,1,0,78111.84,1
3464,15791216,Mann,600,Germany,Male,43,8,133379.41,1,1,0,177378.66,1
3481,15807993,Bruno,588,Germany,Female,30,0,110148.49,1,1,0,5790.9,1
3503,15660505,Romani,735,Germany,Male,46,2,106344.95,1,1,0,114371.33,1
3533,15755077,Norton,778,Germany,Female,37,0,105617.73,2,1,1,133699.82,1
3539,15761023,Murphy,554,Germany,Female,43,2,120847.11,1,1,0,7611.61,1
3563,15723263,Cocci,495,Germany,Female,34,9,117160.32,1,1,1,116069.24,1
3579,15711618,Chang,704,Germany,Female,39,1,124640.51,1,1,0,116511.12,1
3618,15663446,Volkova,792,Germany,Female,29,4,107601.79,1,1,0,18922.18,1
3619,15750867,Nucci,489,Germany,Female,46,8,92060.06,1,1,0,147222.95,1
3627,15634968,Hsueh,789,Germany,Female,37,6,110689.07,1,1,1,71121.04,1
3640,15793049,Atkins,680,Germany,Female,48,8,115115.38,1,1,0,139558.6,1
3669,15586133,Pisano,666,Germany,Female,44,2,122314.5,1,0,0,68574.88,1
3704,15768451,MacDonald,739,Germany,Male,40,5,149131.03,3,1,1,60036.99,1
3712,15729489,Hyde,762,Germany,Female,34,8,98592.88,1,0,1,191790.29,1
3716,15640409,Carpenter,817,Germany,Female,46,0,89087.89,1,0,1,87941.85,1
3725,15703541,Wang,772,Germany,Female,51,9,143930.92,1,0,1,46675.51,1
3727,15608344,Dawson,749,Germany,Female,29,7,137059.05,3,1,0,102975.72,1
3732,15568573,Graham,554,Germany,Female,51,7,105701.91,1,0,1,179797.79,1
3742,15635396,Thompson,738,Germany,Female,29,9,139106.19,1,1,0,141872.05,1
3744,15678944,Brown,655,Germany,Female,32,6,130935.56,1,1,0,9241.83,1
3745,15718507,Su,647,Germany,Male,37,3,116509.99,1,1,1,149517.71,1
3747,15804709,Watt,688,Germany,Male,35,5,111578.18,1,0,0,166165.93,1
3764,15773868,Belov,653,Germany,Female,37,3,125734.2,2,1,0,134625.09,1
3781,15685290,Wall,595,Germany,Male,46,5,142360.62,2,1,0,48421.4,1
3783,15680449,Hsing,431,Germany,Female,44,2,138843.7,1,1,0,37688.31,1
3787,15728224,Kerr,710,Germany,Female,41,9,149155.53,2,1,0,42131.26,1
3788,15644174,Marchesi,638,Germany,Male,27,4,135096.05,1,1,1,186523.72,1
3794,15584037,Denisov,727,Germany,Male,58,5,106913.43,1,1,0,25881.0,1
3804,15651264,Yobanna,850,Germany,Male,51,4,124425.99,1,0,0,118545.49,1
3818,15724251,Todd,682,Germany,Female,29,6,101012.77,1,0,0,32589.89,1
3820,15718289,Bradley,553,Germany,Male,46,3,82291.1,1,1,0,112549.99,1
3828,15654733,Hsieh,794,Germany,Male,57,3,117056.46,1,1,0,93336.93,1
3839,15778154,Kung,628,Germany,Male,50,4,122227.71,1,0,1,14217.77,1
3840,15806230,Trevisano,629,Germany,Male,40,2,121647.54,2,1,1,64849.74,1
3841,15662884,Naylor,739,Germany,Male,58,1,110597.76,1,0,1,160122.66,1
3886,15618255,Fedorov,642,Germany,Female,56,6,103244.86,2,1,0,143049.72,1
3899,15750156,Yu,662,Germany,Male,59,2,104568.41,1,1,0,8059.44,1
3914,15732266,Field,553,Germany,Male,53,5,127997.83,1,1,0,165378.66,1
3931,15626008,Miller,622,Germany,Female,52,9,111973.97,1,1,1,162756.29,1
3936,15648362,Kennedy,728,Germany,Male,45,3,108924.33,2,1,0,84300.4,1
3939,15723717,Heath,483,Germany,Male,41,1,118334.44,1,0,0,163147.99,1
3941,15659736,Herbert,716,Germany,Male,66,5,121411.9,1,0,0,10070.4,1
3958,15756610,Carlson,657,Germany,Female,38,5,123770.46,1,0,0,47019.66,1
3960,15663164,Yudin,663,Germany,Male,49,7,116150.65,3,1,1,84358.71,1
3989,15650442,Hsieh,644,Germany,Female,32,8,141528.88,1,1,1,167087.34,1
3992,15601659,Fiorentino,496,Germany,Female,59,7,91680.1,2,1,0,163141.18,1
4002,15792064,Pai,545,Germany,Male,53,5,114421.55,1,1,0,180598.28,1
4014,15653776,Salier,720,Germany,Female,57,1,162082.31,4,0,0,27145.73,1
4015,15597914,Evdokimov,641,Germany,Female,51,2,117306.69,4,1,1,26912.72,1
4022,15697100,Wright,772,Germany,Female,48,6,108736.52,1,1,0,184564.67,1
4027,15606641,Beggs,762,Germany,Male,56,10,100260.88,3,1,1,77142.42,1
4034,15569079,Hagins,632,Germany,Male,48,6,126066.26,1,1,0,64345.61,1
4065,15689886,Holden,626,Germany,Male,39,10,132287.92,3,1,1,51467.92,1
4081,15812262,Gaffney,808,Germany,Female,37,2,100431.84,1,1,0,35140.49,1
4083,15669301,Romani,778,Germany,Female,29,6,150358.97,1,1,0,62454.01,1
4115,15647008,Adams,624,Germany,Male,54,3,116726.22,1,1,0,110498.1,1
4154,15664001,Riddle,695,Germany,Female,53,8,95231.91,1,0,0,70140.8,1
4183,15577587,Reynolds,550,Germany,Male,52,5,121016.23,1,1,1,41730.37,1
4185,15635141,Miller,598,Germany,Male,59,8,118210.42,2,0,0,60192.14,1
4196,15747168,Sanders,626,Germany,Female,47,2,103108.8,1,0,1,166475.44,1
4218,15583840,Okechukwu,587,Germany,Male,35,5,121863.61,1,1,1,23481.69,1
4219,15782418,Ku,589,Germany,Female,19,9,83495.11,1,1,1,143022.31,1
4224,15588090,Ferri,726,Germany,Female,51,8,107494.86,2,1,0,140937.91,1
4243,15746553,Castles,526,Germany,Male,50,5,124233.24,1,0,1,159456.87,1
4265,15761294,Manna,667,Germany,Female,56,8,137464.04,1,1,0,130846.79,1
4275,15690021,Martin,502,Germany,Female,42,0,132002.7,1,0,1,28204.98,1
4281,15740527,Lai,766,Germany,Female,62,7,142724.48,1,0,1,5893.23,1
4288,15657529,Chin,714,Germany,Male,53,1,99141.86,1,1,1,72496.05,1
4296,15616454,Davidson,476,Germany,Female,34,8,111905.43,1,0,1,197221.81,1
4303,15791867,Hicks,544,Germany,Male,44,2,108895.93,1,0,0,69228.2,1
4333,15771543,Tu,507,Germany,Male,31,2,134237.07,1,1,1,166423.66,1
4337,15771742,Boyle,580,Germany,Male,38,9,115442.19,2,1,0,128481.5,1
4344,15654577,Alexeeva,549,Germany,Male,54,5,92877.33,1,1,0,2619.64,1
4346,15584536,Barber,720,Germany,Male,46,3,97042.6,1,1,1,133516.51,1
4348,15645271,Radcliffe-Brown,615,Germany,Male,24,8,108528.07,2,0,0,179488.41,1
4362,15592000,Calabresi,781,Germany,Female,48,9,82794.18,1,1,0,124720.68,1
4381,15812241,Udinese,438,Germany,Male,59,7,127197.14,1,1,0,51565.98,1
4401,15567063,Manna,766,Germany,Female,34,6,106434.94,1,0,1,137995.66,1
4403,15720637,Bell,710,Germany,Female,46,10,120530.34,1,1,0,166586.99,1
4404,15616859,Bonwick,602,Germany,Female,43,2,113641.49,4,1,0,115116.35,1
4410,15781598,Middleton,756,Germany,Male,41,6,149049.92,1,0,1,50422.36,1
4436,15648967,Ch'en,698,Germany,Female,64,1,169362.43,1,1,0,84760.32,1
4448,15716381,Greece,666,Germany,Female,50,7,109062.28,1,1,1,140136.1,1
4464,15778975,Nnonso,850,Germany,Female,70,1,96947.58,3,1,0,62282.99,1
4471,15593795,Linton,516,Germany,Female,53,1,156674.2,1,1,0,118502.34,1
4484,15774192,Miller,539,Germany,Female,38,8,105435.74,1,0,0,80575.44,1
4517,15812210,Yashina,497,Germany,Female,32,8,111537.23,4,1,1,9497.99,1
4521,15605826,Korovina,652,Germany,Male,46,10,121063.8,3,1,0,151481.86,1
4536,15635034,Aldrich,727,Germany,Male,37,9,101191.83,1,1,1,34551.35,1
4544,15692929,Ikechukwu,791,Germany,Female,42,10,113657.41,2,0,1,139946.68,1
4548,15672152,Grant,850,Germany,Male,37,9,122506.38,1,0,1,199693.84,1
4560,15668248,Quinn,528,Germany,Female,62,7,133201.17,1,0,0,168507.68,1
4564,15694376,Sullivan,705,Germany,Female,64,3,153469.26,3,0,0,146573.66,1
4596,15782360,Rogers,743,Germany,Male,65,2,131935.51,1,1,1,96399.67,1
4598,15677105,Rossi,706,Germany,Female,46,4,105214.58,1,1,0,108699.59,1
4609,15614103,Colombo,850,Germany,Male,42,8,119839.69,1,0,1,51016.02,1
4630,15687153,Graham,850,Germany,Male,49,8,98649.55,1,1,0,119174.88,1
4655,15593976,Swanson,578,Germany,Female,31,5,102088.68,4,0,0,187866.21,1
4668,15596870,Marino,749,Germany,Male,54,3,144768.94,1,1,0,93336.3,1
4670,15751491,Hsiao,443,Germany,Male,50,3,117206.3,1,1,0,42840.18,1
4672,15808674,Ejikemeifeuwa,616,Germany,Female,45,6,128352.59,3,1,1,144000.59,1
4678,15791780,Ts'ao,706,Germany,Female,48,10,104478.12,3,0,1,158248.71,1
4698,15680706,Balashov,537,Germany,Male,48,4,131834.8,1,1,0,166476.95,1
4720,15583580,Chiawuotu,566,Germany,Female,35,1,123042.0,1,1,0,66245.44,1
4733,15653937,McIntyre,638,Germany,Female,53,1,123916.67,1,1,0,16657.68,1
4746,15655410,Hinton,768,Germany,Male,49,1,133384.66,1,1,0,102397.22,1
4749,15759067,Bromby,537,Germany,Female,37,7,158411.95,4,1,1,117690.58,1
4752,15763256,Sheppard,661,Germany,Female,64,8,128751.65,2,1,0,189398.18,1
4780,15711843,Pisani,613,Germany,Male,40,1,147856.82,3,0,0,107961.11,1
4842,15668270,Thompson,587,Germany,Female,44,5,125584.17,2,1,1,41852.24,1
4871,15573888,Ponomaryov,648,Germany,Female,43,1,107963.38,1,0,0,186438.86,1
4885,15569274,Pisano,678,Germany,Male,49,2,116933.11,1,1,0,195053.58,1
4890,15693205,Peng,691,Germany,Female,41,8,109153.96,3,1,1,148848.76,1
4893,15739592,Sokolov,707,Germany,Female,51,10,98438.23,1,0,0,70778.63,1
4937,15792986,T'ao,580,Germany,Male,24,1,133811.78,1,1,0,17185.95,1
4968,15743817,Hargreaves,621,Germany,Male,40,8,174126.75,3,1,0,172490.78,1
4981,15740406,Padovesi,628,Germany,Male,38,10,113525.84,1,1,0,46044.48,1
4995,15585580,Chang,796,Germany,Female,52,9,167194.36,1,1,1,62808.93,1
5005,15625092,Colombo,502,Germany,Female,57,3,101465.31,1,1,0,43568.31,1
5011,15719508,Davis,575,Germany,Male,49,7,121205.15,4,1,1,168080.53,1
5020,15584113,Pratt,823,Germany,Female,53,4,124954.94,1,0,1,131259.6,1
5021,15669589,Page,491,Germany,Female,68,1,95039.12,1,0,1,116471.14,1
5025,15720583,Finch,745,Germany,Female,44,0,119638.21,1,1,1,34265.08,1
5032,15680517,Sal,769,Germany,Female,34,7,137239.17,1,1,1,71379.92,1
5058,15606386,Wang,753,Germany,Female,46,3,111512.75,3,1,0,159576.75,1
5068,15602282,Kao,587,Germany,Female,45,8,134980.74,1,1,1,123309.57,1
5086,15687372,Padovesi,547,Germany,Male,49,8,121537.71,2,1,0,46521.45,1
5094,15787255,Manfrin,650,Germany,Female,55,2,140891.46,3,1,1,179834.45,1
5100,15731555,Ross-Watt,595,Germany,Female,45,9,106000.12,1,0,0,191448.96,1
5104,15808526,Cartwright,783,Germany,Female,58,3,127539.3,1,1,1,96590.39,1
5106,15718465,Sadler,671,Germany,Male,51,3,96891.46,1,1,0,176403.33,1
5116,15727317,Brady,533,Germany,Female,49,1,102286.6,3,1,0,69409.37,1
5186,15801169,Yegorova,764,Germany,Female,39,9,138341.51,1,1,0,50072.94,1
5203,15713354,Morrice,597,Germany,Female,22,6,101528.61,1,1,0,70529.0,1
5213,15621611,Gibson,742,Germany,Male,55,5,155196.17,1,0,1,121207.66,1
5215,15709474,Macnamara,740,Germany,Female,57,3,113386.36,2,1,1,65121.63,1
5221,15753174,Thompson,571,Germany,Male,37,9,139592.98,3,1,0,104152.65,1
5234,15591286,Simmons,731,Germany,Female,49,4,88826.07,1,1,1,33759.41,1
5243,15662751,Piazza,655,Germany,Female,40,0,81954.6,1,1,1,198798.44,1
5244,15684319,Baranova,780,Germany,Female,37,10,95196.26,1,1,0,126310.39,1
5270,15732281,Ugoji,680,Germany,Male,34,6,146422.22,1,1,0,67142.97,1
5272,15567630,Bruce,721,Germany,Male,40,6,100275.88,1,1,0,138564.48,1
5279,15799300,Kao,510,Germany,Male,31,0,113688.63,1,1,0,33099.41,1
5281,15694129,Summers,569,Germany,Female,28,3,100032.52,1,1,0,5159.21,1
5291,15743490,Zikoranachidimma,795,Germany,Female,56,9,94348.94,1,1,0,29239.29,1
5298,15683416,Russo,572,Germany,Male,51,8,97750.07,3,1,1,193014.26,1
5311,15624744,Tai,622,Germany,Male,42,9,115766.26,1,0,0,72155.85,1
5315,15788068,Lopez,743,Germany,Male,45,10,144677.19,3,1,0,22512.44,1
5332,15700627,Y?,637,Germany,Female,46,2,143500.82,1,1,0,166996.46,1
5339,15784000,Pope,715,Germany,Female,34,9,102277.52,1,0,0,177852.57,1
5340,15733966,Johnstone,496,Germany,Female,55,4,125292.53,1,1,1,31532.96,1
5349,15720511,Byrne,547,Germany,Male,41,3,151191.31,1,1,0,175295.89,1
5357,15655436,Kendall,839,Germany,Male,47,2,136911.07,1,1,1,168184.62,1
5360,15801832,Lombardo,684,Germany,Male,42,1,117691.0,1,1,1,23135.65,1
5386,15681410,Korff,813,Germany,Female,36,6,98088.09,1,0,1,26687.22,1
5389,15669664,Thompson,574,Germany,Male,54,1,99774.5,1,0,0,4896.11,1
5399,15648933,Reilly,831,Germany,Male,44,3,111100.98,1,1,1,28144.07,1
5425,15566253,Manning,580,Germany,Male,44,9,143391.07,1,0,0,146891.07,1
5441,15807269,Milanesi,690,Germany,Male,43,2,166522.78,1,0,0,119644.59,1
5443,15660417,Lambert,613,Germany,Female,43,10,120481.69,1,0,0,94875.03,1
5449,15718912,Hsueh,608,Germany,Female,44,5,126147.84,1,0,1,132424.69,1
5456,15726855,Oliver,805,Germany,Female,45,9,116585.97,1,1,0,189428.75,1
5472,15623202,Maslov,704,Germany,Female,39,10,102556.18,2,1,0,171971.25,1
5482,15606397,Cameron,577,Germany,Female,44,1,152086.15,1,0,1,44719.5,1
5485,15595842,Paramor,748,Germany,Male,45,2,119852.01,1,0,0,73853.94,1
5492,15639278,Chinomso,580,Germany,Female,36,6,145387.32,2,1,1,169963.2,1
5511,15636330,Ch'in,588,Germany,Female,48,1,143279.58,2,1,0,31580.8,1
5536,15694444,Buttenshaw,648,Germany,Female,32,8,157138.99,3,1,0,190994.48,1
5559,15645355,Macleod,677,Germany,Male,34,3,126729.41,1,1,1,26106.39,1
5560,15729557,Olisaemeka,850,Germany,Male,36,5,119984.07,1,1,0,191535.11,1
5571,15645847,P'eng,569,Germany,Male,35,2,109196.66,3,1,0,109393.19,1
5577,15635964,Eve,566,Germany,Male,65,4,120100.41,1,1,0,107563.16,1
5590,15588372,Kirsova,715,Germany,Female,37,9,105489.31,1,0,0,143096.49,1
5600,15635870,She,579,Germany,Female,50,5,117721.02,1,0,1,192146.63,1
5607,15741988,Marino,492,Germany,Female,52,8,125396.24,1,1,0,10014.72,1
5641,15800514,Kenechukwu,477,Germany,Female,24,2,95675.62,2,0,0,162699.7,1
5647,15756272,James,526,Germany,Female,35,9,118536.4,1,1,0,40980.87,1
5681,15803947,Teng,757,Germany,Female,30,6,161378.02,1,0,0,71926.28,1
5702,15724154,Manna,625,Germany,Female,49,4,128504.76,1,1,0,126812.63,1
5705,15661626,Algeranoff,732,Germany,Female,45,6,98792.4,1,1,0,81491.7,1
5713,15572038,Chijindum,660,Germany,Male,35,9,113948.58,1,1,0,188891.96,1
5722,15643671,Chiekwugo,696,Germany,Male,49,5,97036.22,2,1,0,152450.84,1
5728,15704168,Ting,535,Germany,Male,38,8,127475.24,1,0,0,60775.76,1
5751,15583392,Woronoff,747,Germany,Male,37,9,135776.36,3,1,0,85470.45,1
5759,15610972,Crawford,681,Germany,Female,44,4,91115.76,2,0,0,24208.84,1
5777,15793478,Li Fonti,593,Germany,Female,39,8,151391.68,1,1,0,27274.6,1
5790,15726103,Tsou,689,Germany,Female,55,1,76296.81,1,1,0,42364.75,1
5792,15730044,Greco,809,Germany,Female,42,6,64497.94,3,0,1,182436.81,1
5805,15663933,Jamieson,625,Germany,Female,35,5,86147.46,2,1,0,163440.8,1
5822,15643188,Barnett,671,Germany,Female,47,7,114603.76,2,1,0,153194.32,1
5824,15573628,Greene,751,Germany,Female,51,7,148074.79,1,1,0,146411.41,1
5834,15624519,Calabrese,656,Germany,Female,49,9,97092.87,1,1,0,74771.22,1
5854,15765300,L?,596,Germany,Male,40,5,62389.03,3,1,0,148623.43,1
5888,15691287,Ford,675,Germany,Female,33,0,141816.25,1,1,0,64815.05,1
5905,15664270,Balsillie,692,Germany,Male,45,6,142084.04,4,1,0,188305.85,1
5928,15591036,Genovesi,577,Germany,Female,43,3,127940.47,1,0,0,125140.72,1
5932,15566988,Iqbal,656,Germany,Female,46,7,141535.52,1,1,0,50595.15,1
5943,15695339,Lucchesi,517,Germany,Male,53,0,109172.88,1,1,0,54676.1,1
5950,15714575,Batt,742,Germany,Female,44,8,107926.02,1,0,1,17375.27,1
5951,15806808,Hope,834,Germany,Female,57,8,112281.6,3,1,0,140225.14,1
5963,15571193,Morrison,579,Germany,Male,42,0,144386.32,1,1,1,22497.1,1
5973,15623499,Holman,548,Germany,Male,49,9,108437.89,1,0,0,127022.87,1
6012,15783007,Parker,520,Germany,Female,45,1,123086.39,1,1,1,41042.4,1
6059,15684868,Cameron,668,Germany,Male,56,9,110993.79,1,1,0,134396.64,1
6062,15758023,Grigoryeva,544,Germany,Male,47,5,105245.21,1,0,0,99922.08,1
6066,15674720,Smith,691,Germany,Female,37,7,123067.63,1,1,1,98162.44,1
6084,15603880,Morgan,519,Germany,Male,38,1,114141.64,1,1,1,60988.21,1
6086,15596992,Norris,482,Germany,Male,45,7,156353.46,1,1,0,72643.95,1
6098,15615050,Savage,575,Germany,Male,47,9,107915.94,2,1,1,63452.18,1
6100,15743498,Winter,532,Germany,Male,52,9,137755.76,1,1,0,163191.99,1
6105,15750731,Trevisani,736,Germany,Male,50,9,116309.01,1,1,0,185360.4,1
6110,15710105,Stirling,581,Germany,Female,26,3,105099.45,1,1,1,184520.0,1
6151,15625761,Maclean,632,Germany,Male,41,8,127205.32,4,1,0,93874.87,1
6160,15627995,Angelo,756,Germany,Female,26,5,155143.52,1,0,1,135034.57,1
6173,15656822,Day,568,Germany,Male,43,5,87612.64,4,1,1,107155.4,1
6178,15813974,Maruff,731,Germany,Male,37,3,116880.53,1,0,0,172718.35,1
6189,15609558,McDonald,835,Germany,Female,47,5,108289.28,2,1,1,45859.55,1
6198,15645200,Chiang,581,Germany,Female,54,2,152508.99,1,1,0,187597.98,1
6227,15792305,Mountgarrett,762,Germany,Male,46,6,123571.77,3,0,1,57014.17,1
6232,15729238,Peng,631,Germany,Male,48,1,106396.48,1,1,1,150661.42,1
6233,15718242,Wollstonecraft,725,Germany,Female,47,1,104887.43,1,0,0,86622.56,1
6254,15675337,Forbes,395,Germany,Female,34,5,106011.59,1,1,1,17376.57,1
6256,15589017,Chiu,547,Germany,Male,55,4,111362.76,3,1,0,16922.28,1
6268,15689328,Harrison,705,Germany,Male,48,9,114169.16,1,0,0,173273.2,1
6275,15661275,Wynn,532,Germany,Male,52,3,110791.97,1,1,0,148704.77,1
6277,15768471,Wagner,554,Germany,Female,54,6,108755.0,1,1,0,40914.32,1
6304,15591169,Hawes,788,Germany,Female,49,4,137455.99,1,1,0,184178.29,1
6309,15766427,Shaw,565,Germany,Male,52,5,97720.35,2,1,0,175070.94,1
6319,15686835,Crawford,738,Germany,Female,57,9,148384.64,1,0,0,155047.11,1
6326,15615797,Hyde,743,Germany,Male,59,5,108585.35,1,1,1,192127.22,1
6347,15814468,Wei,551,Germany,Male,50,1,121399.98,1,0,1,84508.44,1
6360,15739972,Hughes,650,Germany,Female,45,9,152367.21,3,1,0,150835.21,1
6381,15642162,Ponce,603,Germany,Male,35,1,123407.69,1,1,0,152541.89,1
6389,15582033,Manfrin,753,Germany,Male,44,3,138076.47,1,1,0,15523.09,1
6400,15738501,Booth,601,Germany,Male,48,9,163630.76,1,0,1,41816.49,1
6404,15736126,Sung,850,Germany,Male,55,0,98710.89,1,1,1,83617.17,1
6408,15657829,Fanucci,806,Germany,Male,30,8,168078.83,1,1,0,85028.36,1
6413,15598982,Klein,602,Germany,Female,53,5,98268.84,1,0,1,45038.29,1
6429,15577423,Mosley,627,Germany,Female,39,5,124586.93,1,1,0,93132.61,1
6450,15625706,White,693,Germany,Male,45,2,116546.59,2,0,0,23140.28,1
6465,15591512,Whittaker,564,Germany,Female,33,2,115761.51,1,0,1,112350.21,1
6467,15763683,Northern,678,Germany,Male,32,4,139626.01,1,1,1,118235.52,1
6473,15588419,Johnston,651,Germany,Female,34,10,148962.46,1,1,0,66389.43,1
6476,15566030,Tu,497,Germany,Male,41,5,80542.81,1,0,0,88729.22,1
6496,15640852,McGregor,617,Germany,Female,39,5,83348.89,3,1,0,7953.62,1
6497,15789313,Ugorji,595,Germany,Female,44,4,96553.52,2,1,0,143952.24,1
6506,15761053,Lock,596,Germany,Male,48,2,131326.47,1,0,0,1140.02,1
6509,15700801,Eipper,850,Germany,Male,42,6,84445.68,3,0,1,60021.34,1
6520,15571869,Lei,669,Germany,Female,50,4,112650.89,1,0,0,166386.22,1
6525,15743293,Waters,651,Germany,Female,35,1,163700.78,3,1,1,29583.48,1
6551,15617331,Sergeyeva,637,Germany,Female,39,3,109698.41,1,1,1,88391.29,1
6554,15607526,Lu,638,Germany,Male,50,1,102645.48,1,1,0,168359.98,1
6557,15612207,Hill,840,Germany,Female,51,1,87779.83,1,0,1,36687.11,1
6562,15650538,Sun,445,Germany,Female,48,7,168286.58,1,1,0,16645.77,1
6565,15737104,Lawson,652,Germany,Female,47,0,126597.89,2,1,1,38798.79,1
6570,15604706,Blake,581,Germany,Male,38,1,133105.47,1,1,0,105732.9,1
6576,15651883,Genovesi,794,Germany,Female,55,6,115796.7,1,1,0,160526.36,1
6582,15598744,Ch'ang,576,Germany,Female,71,6,140273.47,1,1,1,193135.25,1
6602,15655213,Udinese,591,Germany,Female,51,8,132508.3,1,1,1,161304.68,1
6703,15792668,Hamilton,661,Germany,Male,37,7,109908.06,2,1,0,115037.67,1
6704,15583863,Chimaobim,681,Germany,Male,49,8,142946.18,1,0,0,187280.51,1
6705,15681878,Fan,436,Germany,Male,45,3,104339.11,2,1,1,183540.22,1
6708,15735909,McDonald,607,Germany,Female,39,8,105103.33,1,1,0,104721.5,1
6710,15587647,Browne,850,Germany,Female,66,0,127120.62,1,0,1,118929.64,1
6730,15619608,Ojiofor,454,Germany,Female,50,10,92895.56,1,1,0,154344.0,1
6744,15616213,Levy,555,Germany,Female,51,9,138214.5,1,1,0,198715.27,1
6767,15593510,Capon,638,Germany,Female,33,5,129335.65,1,1,1,56585.2,1
6794,15611669,Nyhan,623,Germany,Male,50,7,126608.37,1,0,1,645.61,1
6813,15605059,Mackie,576,Germany,Male,63,3,148843.56,1,1,0,69414.13,1
6832,15696989,Chukwueloka,469,Germany,Female,52,8,139493.25,3,0,0,150093.32,1
6858,15629299,Yang,546,Germany,Female,52,1,106074.89,1,1,1,23548.45,1
6861,15785654,Ofodile,727,Germany,Male,45,6,114422.85,2,1,1,104678.78,1
6865,15797381,DeRose,593,Germany,Female,48,3,133903.12,2,1,1,85902.39,1
6872,15658067,Walker,636,Germany,Female,48,3,120568.41,1,1,0,190160.04,1
6892,15760865,Fan,754,Germany,Female,48,7,141819.02,1,1,0,93550.53,1
6896,15694765,Sabbatini,610,Germany,Male,49,6,113882.33,1,1,0,195813.81,1
6912,15710087,Nicholls,705,Germany,Female,54,3,125889.3,3,1,0,96013.5,1
6930,15651627,White,628,Germany,Male,39,1,115341.19,1,1,1,107674.3,1
6982,15770039,Kuo,572,Germany,Male,39,4,112290.22,1,1,0,49373.97,1
6992,15752801,Bradshaw,518,Germany,Male,29,9,125961.74,2,1,0,160303.08,1
7004,15715750,Okeke,646,Germany,Female,44,2,113063.83,1,0,0,53072.49,1
7009,15638610,Kennedy,635,Germany,Female,65,5,117325.54,1,1,0,155799.86,1
7019,15768600,Harris,805,Germany,Male,50,9,130023.38,1,1,0,62989.82,1
7035,15767264,Lawson,465,Germany,Male,53,1,117438.17,1,0,0,74898.8,1
7038,15789611,Lin,568,Germany,Male,46,8,150836.92,1,0,0,64516.8,1
7054,15815271,Ritchie,755,Germany,Male,43,6,165048.5,3,1,0,16929.41,1
7069,15730793,Russell,699,Germany,Female,54,3,111009.32,1,1,1,155905.79,1
7081,15719940,Gibbons,628,Germany,Female,51,10,115280.49,2,0,0,12628.61,1
7085,15571415,Okwudiliolisa,805,Germany,Male,56,6,151802.29,1,1,0,46791.09,1
7092,15763108,Davis,600,Germany,Male,53,7,106261.63,1,1,0,93629.66,1
7094,15644453,Loggia,606,Germany,Female,41,4,132670.53,1,1,0,156476.36,1
7096,15783883,Onwuka,753,Germany,Female,38,1,117314.92,1,1,0,122021.33,1
7099,15642391,Lettiere,621,Germany,Male,51,4,109978.83,1,0,0,177740.58,1
7104,15815040,Ma,552,Germany,Female,42,8,103362.14,1,0,1,186869.58,1
7117,15788776,Landor,588,Germany,Male,49,6,132623.76,3,1,0,36292.94,1
7139,15809837,Kent,430,Germany,Female,66,6,135392.31,2,1,1,172852.06,1
7145,15577515,Sung,554,Germany,Female,55,0,108477.27,1,0,1,140003.0,1
7156,15609070,Findlay,515,Germany,Male,45,7,120961.5,3,1,1,39288.11,1
7159,15591010,McDonald,434,Germany,Male,55,8,109339.17,2,1,0,96405.88,1
7166,15709252,Fuller,616,Germany,Female,28,10,105173.99,1,0,1,29835.37,1
7202,15664615,Nnachetam,689,Germany,Female,30,5,136650.89,1,1,1,41865.72,1
7214,15623210,Smith,484,Germany,Female,55,8,149349.58,3,0,0,137519.92,1
7224,15729771,Davide,799,Germany,Male,31,9,154586.92,1,0,1,88604.89,1
7240,15772329,Fiorentino,580,Germany,Male,45,8,103741.14,1,1,0,47428.73,1
7248,15663194,Voronova,582,Germany,Female,40,3,110150.43,1,1,1,191757.65,1
7259,15747757,Trevascus,600,Germany,Female,58,8,118723.11,1,0,0,6209.51,1
7270,15675926,Ardis,655,Germany,Male,34,7,118028.35,1,1,0,51226.32,1
7317,15811690,Bayley,793,Germany,Male,54,2,128966.13,1,0,0,18633.4,1
7318,15734008,Bartlett,727,Germany,Male,59,5,152581.06,1,1,0,71830.1,1
7329,15689786,Massie,850,Germany,Male,56,1,169743.83,1,0,0,155850.4,1
7339,15796111,Smith,708,Germany,Female,54,8,145151.4,1,0,1,125311.17,1
7375,15696287,Converse,682,Germany,Female,38,1,116520.28,1,1,1,49833.5,1
7382,15573077,Nwora,620,Germany,Female,25,8,141825.88,1,1,1,73857.94,1
7396,15808386,Cocci,721,Germany,Female,45,7,138523.2,1,0,0,59604.45,1
7398,15744044,Fiorentini,572,Germany,Male,47,4,99353.42,1,1,0,196549.85,1
7399,15577771,Akabueze,453,Germany,Female,40,1,111524.49,1,1,1,120373.84,1
7401,15802071,Levi,762,Germany,Male,35,1,117458.51,1,0,1,178361.48,1
7425,15625501,Wall,570,Germany,Male,38,1,127201.58,1,1,0,147168.28,1
7426,15640521,Chidumaga,552,Germany,Male,33,3,144962.74,1,1,0,58844.84,1
7434,15671293,Marcus,779,Germany,Female,37,2,128389.63,1,1,1,6589.16,1
7437,15671534,Hovell,646,Germany,Female,57,6,90212.0,1,1,0,13911.27,1
7454,15702571,Wright,778,Germany,Female,35,1,151958.19,3,1,1,131238.37,1
7456,15748499,Johnson,550,Germany,Male,33,4,118400.91,1,0,1,13999.64,1
7458,15668889,Galgano,665,Germany,Female,43,2,116322.27,4,1,0,35640.12,1
7465,15569682,Leckie,768,Germany,Male,37,9,108308.11,1,1,0,41788.25,1
7500,15790113,Schofield,609,Germany,Female,71,6,113317.1,1,1,0,108258.22,1
7507,15700300,Okoli,674,Germany,Female,44,4,131593.85,1,0,1,171345.02,1
7508,15642001,Lorenzen,576,Germany,Male,44,9,119530.52,1,1,0,119056.68,1
7534,15592773,Eberegbulam,630,Germany,Female,51,0,108449.23,3,0,0,88372.69,1
7550,15785705,Thomson,705,Germany,Female,44,10,106731.58,1,1,0,137419.87,1
7565,15759387,McIntosh,598,Germany,Male,38,1,101487.18,1,1,1,75959.1,1
7591,15568819,Chiganu,619,Germany,Female,42,8,132796.04,3,1,1,191821.35,1
7630,15591107,Flemming,723,Germany,Female,68,3,110357.0,1,0,0,141977.54,1
7634,15727811,Ts'ui,661,Germany,Female,47,0,109493.62,1,0,0,188324.01,1
7637,15673238,McCarthy,517,Germany,Female,59,8,154110.99,2,1,0,101240.08,1
7662,15701738,Arcuri,612,Germany,Male,44,2,115163.38,1,1,1,97677.52,1
7663,15650591,Calabrese,809,Germany,Male,50,10,118098.62,1,1,1,100720.02,1
7689,15592412,Sun,713,Germany,Male,45,4,131038.14,1,1,0,74005.04,1
7696,15629985,Eidson,723,Germany,Female,47,10,90450.0,2,0,0,103379.31,1
7697,15679453,Hung,614,Germany,Female,39,8,125997.22,1,1,1,128049.34,1
7712,15763029,Ch'iu,612,Germany,Male,46,9,161450.03,1,1,1,96961.0,1
7732,15629273,Lin,638,Germany,Male,42,8,145177.84,1,1,0,193471.74,1
7734,15596013,Akhtar,694,Germany,Female,58,1,143212.22,1,0,0,102628.56,1
7736,15774936,Liang,543,Germany,Male,41,6,143350.41,1,1,1,192070.16,1
7749,15585287,Sal,842,Germany,Female,35,9,119948.09,1,1,0,48217.97,1
7760,15806389,Walton,549,Germany,Female,55,1,137592.31,2,0,1,116548.02,1
7761,15641860,Bradley,764,Germany,Male,34,6,108760.27,2,1,0,166324.79,1
7765,15751177,Milne,685,Germany,Female,44,2,119657.53,1,1,0,145387.05,1
7768,15748660,Ellis,561,Germany,Female,49,1,102025.32,1,1,0,133051.64,1
7773,15614168,Alexander,792,Germany,Female,50,4,146710.76,1,1,0,16528.4,1
7774,15679818,Yuan,636,Germany,Male,67,7,136709.35,1,0,1,66753.1,1
7801,15795759,Bergamaschi,698,Germany,Female,52,1,107906.75,1,1,0,168886.39,1
7809,15649033,Echezonachukwu,603,Germany,Female,55,7,127723.25,2,1,0,139469.11,1
7814,15592751,Okwudiliolisa,684,Germany,Female,63,3,81245.79,1,1,0,69643.31,1
7823,15761018,Tan,581,Germany,Male,50,2,143829.2,2,1,0,181224.24,1
7826,15802758,Chinwendu,594,Germany,Female,23,4,104753.84,2,1,0,56756.52,1
7827,15647838,Davison,648,Germany,Female,51,2,116574.84,1,1,0,4121.04,1
7842,15789563,Fiorentino,706,Germany,Female,46,7,111288.18,1,1,1,149170.25,1
7844,15766288,Ikechukwu,586,Germany,Female,36,5,103700.69,1,1,0,194072.56,1
7852,15651581,Lavrentyev,758,Germany,Male,68,6,112595.85,1,1,0,35865.44,1
7883,15732061,Liu,850,Germany,Female,45,1,121874.89,1,0,0,6865.41,1
7895,15718281,Muir,706,Germany,Male,67,1,123276.69,2,1,1,86507.88,1
7928,15713426,Hancock,637,Germany,Male,30,1,122185.53,1,1,0,102566.46,1
7963,15623630,Foster,634,Germany,Female,56,3,116251.24,1,0,1,42429.88,1
7970,15652030,De Bernales,637,Germany,Male,49,2,108204.52,1,1,0,169037.84,1
7975,15722632,Dickson,716,Germany,Male,50,2,119655.77,1,1,1,12944.17,1
7995,15713440,Barese,519,Germany,Female,21,1,151701.45,3,1,1,170138.68,1
7999,15772482,Iloerika,829,Germany,Male,28,3,132405.52,3,1,0,104889.2,1
8011,15787756,Nkemdirim,467,Germany,Male,51,10,114514.71,2,1,0,177784.68,1
8019,15616676,Donnelly,632,Germany,Male,23,3,122478.51,1,1,0,147230.77,1
8052,15697801,Sokolova,605,Germany,Female,56,1,74129.18,2,1,1,62199.78,1
8055,15686236,Trevisani,525,Germany,Female,47,1,118087.68,1,1,0,88120.78,1
8057,15736078,Ting,730,Germany,Female,33,7,130367.87,1,1,0,15142.1,1
8063,15812607,Wilson,663,Germany,Female,46,6,95439.4,1,1,1,21038.58,1
8066,15690829,Sandefur,430,Germany,Male,49,3,137115.16,1,1,0,146516.86,1
8073,15661473,Boni,780,Germany,Male,51,4,126725.25,1,1,0,195259.31,1
8089,15815656,Hopkins,541,Germany,Female,39,9,100116.67,1,1,1,199808.1,1
8096,15584620,Su,850,Germany,Female,36,6,143644.16,1,1,0,22102.25,1
8102,15588955,Mazzi,581,Germany,Female,43,5,93259.57,3,1,0,141035.65,1
8104,15740223,Walton,479,Germany,Male,51,1,107714.74,3,1,0,86128.21,1
8117,15777901,Lindell,640,Germany,Female,43,9,94752.49,1,1,0,184006.36,1
8125,15733872,Marino,791,Germany,Female,33,10,130229.71,2,0,0,54019.93,1
8127,15602647,Cunningham,729,Germany,Male,39,6,127415.85,1,1,1,184977.2,1
8128,15623063,Taylor,651,Germany,Male,35,8,110067.71,1,1,0,127678.95,1
8148,15814675,Chien,642,Germany,Female,39,8,128264.03,1,1,0,61792.76,1
8164,15572050,Yefimov,768,Germany,Male,48,3,122831.58,1,1,1,24533.89,1
8171,15641366,Y?an,599,Germany,Male,61,1,124737.96,1,0,1,90389.61,1
8222,15774358,Robertson,443,Germany,Male,59,4,110939.3,1,1,0,72846.58,1
8232,15670528,Franz,787,Germany,Male,43,0,132217.45,1,1,0,20955.03,1
8235,15677796,Becher,766,Germany,Male,47,9,129289.98,1,1,0,169935.46,1
8241,15708504,Wong,790,Germany,Male,50,8,121438.58,1,1,1,176471.78,1
8266,15618562,Woodward,618,Germany,Female,40,0,140306.38,1,1,0,160618.61,1
8299,15605534,Turnbull,644,Germany,Female,51,4,95560.04,1,0,0,72628.84,1
8300,15792473,Reilly,598,Germany,Female,50,5,88379.81,3,0,1,64157.24,1
8302,15766017,Brookman,615,Germany,Male,58,3,72309.3,1,1,1,85687.09,1
8312,15589698,De Luca,555,Germany,Male,42,6,107104.5,1,1,1,41304.44,1
8337,15788480,Pagnotto,786,Germany,Female,33,0,122325.58,1,0,0,34712.34,1
8344,15591698,P'eng,849,Germany,Female,49,9,132934.89,1,1,0,171056.65,1
8345,15712813,Nevzorova,520,Germany,Male,43,3,150805.17,3,0,1,25333.03,1
8349,15796230,Morley,642,Germany,Female,36,2,124495.98,3,1,1,57904.22,1
8350,15611729,Kerr,703,Germany,Male,39,1,141559.5,1,1,1,31257.1,1
8353,15641413,Crawford,587,Germany,Female,49,7,155393.98,2,1,0,13308.2,1
8364,15677336,Aitken,557,Germany,Male,57,1,120043.13,1,1,0,132370.75,1
8369,15637690,Houghton,622,Germany,Female,34,7,98675.74,1,1,0,138906.85,1
8370,15632882,Konovalova,684,Germany,Male,37,1,126817.13,2,1,1,29995.83,1
8372,15661034,Ngozichukwuka,813,Germany,Female,29,5,106059.4,1,0,0,187976.88,1
8379,15701319,Baxter,614,Germany,Female,37,6,96340.81,2,1,1,139377.24,1
8393,15641158,Belcher,739,Germany,Male,32,3,102128.27,1,1,0,63981.37,1
8394,15752507,K?,769,Germany,Male,60,9,148846.39,1,1,0,192831.67,1
8398,15720155,Tao,630,Germany,Male,29,6,131354.39,1,0,1,9324.31,1
8399,15582116,Ma,767,Germany,Female,45,7,132746.2,2,1,0,26628.88,1
8403,15766683,Coombes,549,Germany,Male,36,6,139422.37,1,0,0,83983.39,1
8435,15755330,Forbes,512,Germany,Male,41,7,122403.24,1,0,1,37439.9,1
8439,15692142,Rogova,707,Germany,Female,48,7,105086.74,1,1,1,180344.69,1
8461,15658982,Napolitani,650,Germany,Female,28,5,122034.4,3,0,1,146663.43,1
8476,15574830,Townsley,633,Germany,Male,58,2,128137.42,2,1,0,147635.33,1
8478,15685947,Henderson,556,Germany,Male,42,0,115915.53,2,0,1,125435.47,1
8487,15567506,Cheatham,738,Germany,Female,40,6,114940.67,2,1,1,194895.57,1
8489,15794360,Hao,592,Germany,Female,70,5,71816.74,2,1,0,105096.82,1
8494,15727619,Lock,753,Germany,Female,46,9,113909.69,3,1,0,92320.37,1
8524,15567778,Genovese,690,Germany,Female,54,1,144027.8,1,1,1,108731.02,1
8544,15702601,Wyatt,680,Germany,Male,30,4,108300.27,2,0,1,44384.57,1
8551,15709016,North,687,Germany,Female,47,1,91219.29,1,0,0,158845.49,1
8578,15569976,Woronoff,754,Germany,Male,65,1,136186.44,1,1,1,121529.59,1
8596,15668774,Chiemenam,758,Germany,Female,23,5,122739.1,1,1,0,102460.84,1
8598,15659694,Wallis,634,Germany,Female,53,3,113781.5,2,1,1,106345.05,1
8627,15672447,Bailey,657,Germany,Male,40,7,99165.84,1,0,1,119333.95,1
8636,15608701,Chialuka,651,Germany,Male,29,3,121890.06,1,1,0,54530.51,1
8642,15749103,Ginikanwa,604,Germany,Female,47,4,118907.6,1,0,1,47777.15,1
8663,15637599,Cremonesi,510,Germany,Female,44,4,123070.89,1,1,0,28461.29,1
8672,15689526,Shih,542,Germany,Female,35,9,127543.11,2,1,0,468.94,1
8680,15753092,He,791,Germany,Male,35,5,129828.58,1,1,1,181918.26,1
8689,15778418,Burns,637,Germany,Male,40,9,154309.67,1,1,1,125334.16,1
8727,15570289,Benson,697,Germany,Male,43,8,103409.16,1,1,0,66893.28,1
8735,15642530,Coates,706,Germany,Female,47,10,144090.42,1,1,0,140938.95,1
8745,15691906,Esposito,664,Germany,Female,49,5,127421.78,2,1,0,108876.75,1
8749,15673971,Houghton,655,Germany,Female,44,6,146498.76,1,1,0,64853.51,1
8757,15784923,Chimezie,705,Germany,Female,37,3,109974.22,1,1,1,36320.87,1
8769,15677310,Christie,761,Germany,Male,62,5,98854.34,1,0,0,86920.97,1
8781,15669782,Chu,820,Germany,Male,39,9,111336.89,1,1,0,16770.31,1
8785,15590810,Fallaci,638,Germany,Female,41,9,144326.09,1,1,0,73979.85,1
8816,15710034,T'ao,637,Germany,Male,43,1,135645.29,2,0,1,101382.86,1
8826,15797081,Ajuluchukwu,611,Germany,Female,49,9,115488.52,2,1,1,138656.81,1
8831,15810444,Aksenov,562,Germany,Female,39,6,130565.02,1,1,0,9854.72,1
8863,15769246,Lo Duca,813,Germany,Male,59,2,135078.41,1,1,0,187636.06,1
8879,15675794,Hsing,645,Germany,Male,47,9,152076.93,1,1,0,121840.2,1
8885,15749583,Bellucci,686,Germany,Female,38,2,93569.86,3,0,0,10137.34,1
8888,15768233,Chukwuebuka,435,Germany,Male,37,8,114346.3,1,0,1,980.93,1
8891,15788723,McIntyre,599,Germany,Female,49,10,143888.22,2,1,1,166236.38,1
8911,15744873,Wright,657,Germany,Female,48,5,143595.87,1,0,0,101314.65,1
8924,15570002,Burlingame,625,Germany,Female,55,8,118772.71,4,0,0,135853.62,1
8953,15713975,Gibson,565,Germany,Female,47,10,139756.12,1,1,0,165849.49,1
8961,15657957,Hughes,602,Germany,Female,26,8,113674.2,1,1,0,197861.16,1
8992,15698902,McIntyre,547,Germany,Female,42,1,142703.4,1,1,0,86207.49,1
9011,15786463,Hsing,645,Germany,Female,59,8,121669.93,2,0,0,91.75,1
9035,15772337,Lawrence,723,Germany,Female,49,0,153855.52,1,1,1,180862.26,1
9038,15792862,Blinova,653,Germany,Male,41,1,104584.11,1,1,0,15126.32,1
9039,15657349,Carter,803,Germany,Female,50,8,98173.02,1,0,0,22457.25,1
9046,15749951,Sacco,766,Germany,Male,27,5,126285.73,1,1,0,177614.17,1
9053,15597949,Gilbert,768,Germany,Female,47,5,104552.61,1,1,0,48137.08,1
9057,15793311,Smith,765,Germany,Female,46,8,119492.88,2,0,1,166896.01,1
9074,15611058,Eluemuno,702,Germany,Female,60,5,138597.54,2,1,1,41536.59,1
9079,15705448,Gilbert,647,Germany,Male,52,7,130013.12,1,1,1,190806.36,1
9089,15608246,Wentcher,736,Germany,Female,36,8,103914.17,1,1,1,110035.88,1
9107,15663650,Russell,698,Germany,Male,52,10,107304.39,3,1,0,28806.32,1
9129,15764033,Lin,693,Germany,Female,43,1,121927.92,1,1,0,87994.95,1
9154,15636977,Trevisan,507,Germany,Male,36,9,118214.32,3,1,0,119110.03,1
9163,15606097,Zakharov,665,Germany,Male,63,7,104469.58,1,1,1,25165.36,1
9167,15612103,Wang,627,Germany,Female,35,2,137852.96,1,1,1,172269.21,1
9196,15710315,Chukwukadibia,529,Germany,Male,29,4,135759.4,1,0,0,112813.79,1
9207,15611767,Mai,624,Germany,Female,52,0,133723.43,1,0,0,4859.59,1
9216,15624180,Genovesi,584,Germany,Female,37,10,134171.8,4,1,1,70927.11,1
9219,15806318,Wright,676,Germany,Female,48,2,124442.38,1,1,0,15068.53,1
9222,15576216,Chienezie,655,Germany,Female,37,4,108862.76,1,1,0,79555.08,1
9235,15766044,Cameron,642,Germany,Male,49,4,120688.61,1,1,0,24770.22,1
9238,15655175,Wallace,740,Germany,Male,40,4,114318.78,2,1,0,129333.69,1
9256,15622033,Rapuluchukwu,847,Germany,Female,41,3,101543.51,4,1,0,16025.17,1
9287,15586523,Paten,720,Germany,Female,29,7,106230.92,1,1,1,69903.93,1
9312,15608381,Dean,585,Germany,Male,50,2,125845.66,1,1,0,9439.31,1
9315,15645371,Cameron,613,Germany,Female,51,7,147262.11,1,1,1,53630.9,1
9317,15766355,Lettiere,550,Germany,Male,49,0,108806.96,3,1,0,61446.92,1
9327,15601787,Greco,641,Germany,Male,35,2,103711.56,1,0,1,192464.21,1
9333,15638882,Cardell,710,Germany,Female,62,9,148214.36,1,1,0,48571.14,1
9338,15797751,Pai,466,Germany,Female,47,5,102085.72,1,1,1,183536.24,1
9360,15606944,Fleming,645,Germany,Male,43,9,140121.17,1,1,0,11302.7,1
9376,15641389,Shen,659,Germany,Male,48,4,123593.22,2,1,0,82469.06,1
9394,15686060,Chou,670,Germany,Male,43,9,111677.88,1,1,0,178827.3,1
9402,15601857,Woodhouse,705,Germany,Female,46,4,115518.07,1,0,0,76544.9,1
9412,15796115,Forbes,689,Germany,Female,40,4,78119.59,4,1,0,119259.34,1
9439,15641175,Munro,701,Germany,Male,63,3,120916.52,3,0,0,144727.45,1
9444,15687001,Chiemenam,596,Germany,Male,54,1,123544.0,1,1,1,120314.75,1
9479,15651900,Bergamaschi,782,Germany,Female,53,1,81571.05,1,1,0,182960.46,1
9493,15775192,Rounsevell,732,Germany,Female,48,4,102962.62,1,1,0,120852.85,1
9495,15688951,Stoneman,789,Germany,Male,43,8,119654.44,2,0,1,148412.24,1
9534,15733361,Davide,651,Germany,Female,45,6,86714.06,1,1,0,85869.89,1
9537,15632051,Douglas,550,Germany,Female,42,10,128707.31,1,1,0,63092.65,1
9541,15634551,Williamson,727,Germany,Male,46,3,115248.11,4,1,0,130752.01,1
9556,15655360,Chikelu,782,Germany,Female,72,5,148666.99,1,1,0,2605.65,1
9557,15780909,Caffyn,769,Germany,Male,34,7,115101.5,1,0,0,57841.89,1
9578,15807120,Oluchukwu,841,Germany,Female,52,3,112383.03,1,1,0,85516.37,1
9585,15608588,Mackinlay,563,Germany,Male,41,2,100520.92,1,1,1,19412.8,1
9601,15570533,Conti,621,Germany,Female,55,7,131033.76,1,0,1,75685.59,1
9603,15603135,Boni,634,Germany,Female,59,3,95727.05,1,0,0,97939.4,1
9626,15732437,Rowley,504,Germany,Female,44,0,131873.07,2,1,1,158036.72,1
9637,15613048,Anderson,648,Germany,Female,40,5,139973.65,1,1,1,667.66,1
9639,15662337,Baldwin,744,Germany,Female,50,1,121498.11,2,0,1,106061.47,1
9678,15566531,Iloerika,724,Germany,Male,33,4,88046.88,1,0,1,186942.49,1
9694,15728963,Wei,617,Germany,Female,51,10,167273.71,1,0,0,93439.75,1
9698,15609735,Campbell,533,Germany,Male,51,6,127545.56,2,0,0,79559.02,1
9717,15706458,Pan,812,Germany,Male,39,5,115730.71,3,1,1,185599.34,1
9720,15724321,Baresi,516,Germany,Female,47,9,128298.74,1,0,0,149614.17,1
9729,15764916,Rowley,616,Germany,Female,43,7,95984.21,1,0,1,115262.54,1
9745,15785358,Gresswell,586,Germany,Male,46,8,106968.96,1,1,1,79366.98,1
9748,15775761,Iweobiegbunam,610,Germany,Female,69,5,86038.21,3,0,0,192743.06,1
9749,15680201,Marcelo,627,Germany,Male,24,5,102773.2,2,1,0,56793.02,1
9769,15644994,Ko,714,Germany,Male,54,4,137986.58,2,0,1,51308.54,1
9792,15742091,Parkhill,825,Germany,Female,35,6,118336.95,1,1,0,26342.33,1
9820,15813946,Duffy,637,Germany,Male,51,1,104682.83,1,1,0,55266.96,1
9826,15701936,Bell,467,Germany,Male,28,10,126315.26,1,1,0,32349.29,1
9832,15593283,Higgins,705,Germany,Female,48,1,156848.13,2,1,1,99475.95,1
9833,15814690,Chukwujekwu,595,Germany,Female,64,2,105736.32,1,1,1,89935.73,1
9839,15616367,Ricci,581,Germany,Male,39,1,121523.51,1,0,0,161655.55,1
9857,15687329,Hope,763,Germany,Female,32,1,108465.65,2,1,0,60552.44,1
9859,15619514,Bull,507,Germany,Male,40,3,120105.43,1,1,0,92075.01,1
9860,15615430,Adams,678,Germany,Male,55,4,129646.91,1,1,1,184125.1,1
9864,15726179,Ferrari,757,Germany,Female,43,5,131433.33,2,1,1,3497.43,1
9878,15572182,Onwuamaeze,505,Germany,Female,33,3,106506.77,3,1,0,45445.78,1
9880,15669414,Pisano,486,Germany,Male,62,9,118356.89,2,1,0,168034.83,1
9896,15796764,Bruno,684,Germany,Female,56,3,127585.98,3,1,1,80593.49,1
9906,15784124,Emenike,645,Germany,Male,41,2,93925.3,1,1,0,123982.14,1
9918,15755731,Davis,635,Germany,Male,53,8,117005.55,1,0,1,123646.57,1
9925,15578865,Palerma,632,Germany,Female,50,5,107959.39,1,1,1,6985.34,1
9935,15774586,West,692,Germany,Female,43,10,118588.83,1,1,1,161241.65,1
9961,15681026,Lucciano,795,Germany,Female,33,9,104552.72,1,1,1,120853.83,1
9976,15666295,Smith,610,Germany,Male,50,1,113957.01,2,1,0,196526.55,1
9982,15672754,Burbidge,498,Germany,Male,42,3,152039.7,1,1,1,53445.17,1
9983,15768163,Griffin,655,Germany,Female,46,7,137145.12,1,1,0,115146.4,1
9999,15682355,Sabbatini,772,Germany,Male,42,3,75075.31,2,1,0,92888.52,1
